display_name,stub,dropdown_parent
HOME,/,
THE ARCHIVE,/browse/,
COLLECTIONS,,
EXPLORE,,
READ,,
SUBJECTS,/subjects/,EXPLORE
MAP,/map/,EXPLORE
OUR DATA,/data/,EXPLORE
ABOUT,,
ABOUT THE ARCHIVE,/about/,ABOUT
COPYRIGHT & TERMS,/copyright/,ABOUT
CONTACT US,/contact/,ABOUT
SUBSCRIBE TO NEWSLETTER,https://1800nasi.substack.com,ABOUT
gary_carrington,/collections/gary-carrington/,COLLECTIONS
starla_carr,/collections/starla-carr/,COLLECTIONS
tisha_taylor,/collections/tisha-taylor/,COLLECTIONS
VOL_2,,READ,heading
REMEMBERING SOAKIE'S: KC'S FORMER BLACK GAY BAR,/read/soakies/,READ
ERASURE OF BLACK QUEER PEOPLE IN KANSAS CITY,/read/erasure/,READ
VOL_1,,READ,heading
'OUT THERE': A GAY & LESBIAN VARIETY SHOW,/read/out-there/,READ
MEN OF ALL COLORS TOGETHER-KC,/read/mact-kc/,READ
DRAG QUEENS EDYE GREGORY & RAY RONDELL,/read/edye-and-ray/,READ
DONATE,/donate/,